{"timestamps": [1545944077.781316, 1545944078.52804, 1545944079.931481, 1545944081.575488, 1545944083.394642, 1545944084.401276, 1545944085.52614, 1545944086.827261, 1545944089.688874], "initial_reset_timestamp": 1545944075.99037, "episode_types": ["t", "t", "t", "t", "t", "t", "t", "t", "t", "t"], "episode_lengths": [31, 8, 21, 26, 25, 13, 12, 14, 43], "episode_rewards": [-2000.0, -3400.0, -6900.0, -7100.0, -1200.0, 3700.0, -6300.0, 2500.0, 3300.0]}